name,email,doctor,date,time
Mrs. Misty Butler,jesse49@example.net,Dr. David Martinez,2025-05-15,08:02
Leonard Combs,holmescynthia@example.net,Dr. Michael Wilson,2025-05-21,04:02
Donald Dominguez,joseph98@example.net,Dr. Robert Brown,2025-04-29,04:38
Debra Flores,ashley01@example.org,Dr. Emily Johnson,2025-05-04,22:11
Cathy Thomas,patriciazavala@example.com,Dr. Patricia Garcia,2025-04-30,16:14
Lisa Boyle,hendersonjohn@example.org,Dr. Jennifer Taylor,2025-05-10,18:00
Alexander Lewis,williamhernandez@example.net,Dr. Patricia Garcia,2025-05-19,18:13
John Byrd,youngtina@example.com,Dr. John Smith,2025-05-20,08:39
Selena Freeman,nicholsjessica@example.com,Dr. Robert Brown,2025-05-12,16:02
Alicia Rose,michaelgonzales@example.net,Dr. David Martinez,2025-05-03,23:39
Tim Rodriguez,roberthorn@example.org,Dr. Linda Davis,2025-05-10,19:04
Alexander Brown,cookkeith@example.com,Dr. John Smith,2025-05-05,06:20
Robert Mitchell,dawsonyvonne@example.net,Dr. Michael Wilson,2025-05-17,09:03
Ian Berry,robin94@example.com,Dr. Michael Wilson,2025-05-07,17:07
Michael Gibson,josephfuentes@example.com,Dr. John Smith,2025-05-15,22:29
Gregory Roberts,choffman@example.com,Dr. Robert Brown,2025-05-12,00:59
Tiffany Ball,diane37@example.net,Dr. Robert Brown,2025-05-08,20:21
Katie Barnes,thompsonchad@example.org,Dr. Michael Wilson,2025-04-30,16:18
Amy Nelson,davidmarshall@example.net,Dr. Michael Wilson,2025-05-10,20:09
Sergio Vargas,michaelbrown@example.net,Dr. Emily Johnson,2025-05-11,08:37
Jason Underwood,tmcdonald@example.org,Dr. Emily Johnson,2025-05-17,23:14
Jerry Miller,brandon11@example.com,Dr. John Smith,2025-05-20,01:46
Christopher Rogers,whitekatherine@example.com,Dr. Robert Brown,2025-05-23,07:00
Mary Miranda,jennifergaines@example.net,Dr. Linda Davis,2025-05-08,02:47
Jenny Gonzales,brandoncox@example.com,Dr. John Smith,2025-05-04,06:31
Gregory Young,harmonheather@example.org,Dr. Linda Davis,2025-05-09,20:23
Rita Hudson,kelseymorton@example.org,Dr. Emily Johnson,2025-05-27,02:00
Jason Davis,georgeperkins@example.net,Dr. Jennifer Taylor,2025-05-19,14:51
Peter Jackson,david20@example.net,Dr. John Smith,2025-04-30,23:22
Mr. Chad Elliott,hardyian@example.org,Dr. David Martinez,2025-05-27,18:07
John Hess,taylorsarah@example.org,Dr. Patricia Garcia,2025-05-24,00:26
Paul Norton,garrettyvonne@example.com,Dr. Michael Wilson,2025-05-19,13:04
Donna Munoz,eglass@example.org,Dr. Emily Johnson,2025-05-13,12:24
Glenn Harris,melissa74@example.com,Dr. Jennifer Taylor,2025-05-16,05:02
Danielle Martinez,kaylahunter@example.net,Dr. Emily Johnson,2025-05-15,16:21
Christopher Avila,sean09@example.net,Dr. Michael Wilson,2025-05-21,08:50
Bobby Washington,anthony12@example.net,Dr. Jennifer Taylor,2025-05-22,08:18
Paul Howard,rebeccawang@example.org,Dr. Robert Brown,2025-05-15,02:17
Teresa Hughes,zgonzalez@example.net,Dr. Emily Johnson,2025-05-02,05:56
Caroline Spencer,alamb@example.net,Dr. John Smith,2025-05-17,06:21
Mark Rodriguez,dunnandrea@example.com,Dr. John Smith,2025-05-12,10:46
Brandon Jenkins DDS,karenriley@example.org,Dr. Linda Davis,2025-05-13,12:37
Tyler Hamilton,campbelllucas@example.org,Dr. John Smith,2025-05-18,17:54
Colin Coleman,butlerdominique@example.org,Dr. David Martinez,2025-05-20,06:41
Kayla Lara,kreed@example.com,Dr. David Martinez,2025-05-18,09:31
Melissa Barrett,lbrown@example.org,Dr. Robert Brown,2025-05-12,09:20
Aaron Skinner,bellshannon@example.com,Dr. Jennifer Taylor,2025-05-23,08:56
Matthew Crane,shughes@example.net,Dr. Michael Wilson,2025-05-12,16:37
Michael Caldwell,smorgan@example.net,Dr. Robert Brown,2025-05-14,19:55
Robin Hutchinson,tblack@example.net,Dr. Emily Johnson,2025-05-08,00:04
Jordan Good,habbott@example.net,Dr. Robert Brown,2025-05-26,09:28
Jose Williams,ryannorris@example.org,Dr. Patricia Garcia,2025-05-03,04:15
Ashley Lowe,clarkcharles@example.com,Dr. Michael Wilson,2025-05-03,07:37
Daniel Allen,parkertimothy@example.org,Dr. Patricia Garcia,2025-05-02,22:02
Mark Black,amyshepard@example.net,Dr. David Martinez,2025-05-26,04:15
Laura Flores,smithemily@example.org,Dr. John Smith,2025-05-02,21:44
Ashley Banks,ssharp@example.net,Dr. Jennifer Taylor,2025-05-20,17:12
Mary Johnson DDS,adamwilliams@example.org,Dr. Michael Wilson,2025-05-07,02:19
Deborah Rodriguez,franciscogonzalez@example.net,Dr. David Martinez,2025-05-04,12:34
Jerry Flores,bassmary@example.net,Dr. Michael Wilson,2025-04-28,22:45
Scott Munoz,lisashepherd@example.net,Dr. Linda Davis,2025-04-29,16:25
Benjamin Bailey,whitebrittany@example.org,Dr. Robert Brown,2025-05-25,00:25
Carla Alvarez,tracey86@example.net,Dr. Patricia Garcia,2025-05-01,21:20
Wanda Cervantes,kathy91@example.com,Dr. John Smith,2025-04-30,06:48
Walter Herrera,michaelmccarthy@example.net,Dr. Linda Davis,2025-05-22,15:17
Dr. Denise Morales,clong@example.org,Dr. John Smith,2025-05-18,02:38
Willie Newton III,qglass@example.com,Dr. Robert Brown,2025-05-27,02:58
Lindsay Cortez,rperez@example.com,Dr. John Smith,2025-04-29,23:49
Gregory Casey,julie34@example.org,Dr. Michael Wilson,2025-05-02,14:18
Anna Alexander,andreaduncan@example.com,Dr. Emily Johnson,2025-05-11,22:05
Bryan Beck,edwardsmelissa@example.org,Dr. Patricia Garcia,2025-05-17,17:21
Hannah Burns,emoore@example.net,Dr. David Martinez,2025-05-05,01:21
Kimberly Kim,garrettcook@example.com,Dr. Michael Wilson,2025-05-12,20:01
Samuel Gibson,ibryant@example.org,Dr. Robert Brown,2025-05-14,07:29
Joseph Miranda,hortonrachel@example.org,Dr. Patricia Garcia,2025-05-02,20:45
Kenneth Baker,andreaknapp@example.net,Dr. Patricia Garcia,2025-05-26,20:13
James Newton,lisa37@example.org,Dr. Emily Johnson,2025-05-02,07:15
Keith Garner,deborahcoleman@example.net,Dr. Emily Johnson,2025-05-19,14:21
Elizabeth King,aaronpowell@example.org,Dr. John Smith,2025-04-30,21:33
Brady Hudson,brucelopez@example.net,Dr. David Martinez,2025-04-28,13:45
Elizabeth Bell,peterskevin@example.com,Dr. Emily Johnson,2025-05-27,04:32
Leonard Cooper,kathleen15@example.net,Dr. Patricia Garcia,2025-05-15,15:17
Thomas Mccarty,julianlove@example.net,Dr. Linda Davis,2025-05-02,12:17
Tiffany Howell,eugenelopez@example.org,Dr. Patricia Garcia,2025-05-16,00:56
Christy White,lanelindsey@example.com,Dr. Jennifer Taylor,2025-05-05,20:44
Mary Payne,harringtonnicholas@example.org,Dr. Linda Davis,2025-04-28,07:05
John Hill,warrenbrianna@example.com,Dr. Patricia Garcia,2025-05-27,14:59
Jason Hopkins,andersonalexandra@example.com,Dr. John Smith,2025-05-07,22:41
Roberto Richards,frankrobinson@example.org,Dr. Jennifer Taylor,2025-05-25,09:40
Kathleen West,brenda66@example.org,Dr. John Smith,2025-05-16,21:13
Christopher Mullen,navarroluis@example.net,Dr. John Smith,2025-05-10,23:39
Jeffrey Evans,jennifer84@example.org,Dr. Michael Wilson,2025-05-24,00:56
Lorraine Barry,vmcintosh@example.net,Dr. Michael Wilson,2025-05-18,15:20
John Goodwin,katiegarcia@example.org,Dr. Patricia Garcia,2025-05-12,10:53
Lisa Daugherty,imacias@example.org,Dr. Emily Johnson,2025-05-11,05:18
Laura Silva,jessicabrewer@example.net,Dr. John Smith,2025-05-27,22:59
Timothy Martinez,carterbeverly@example.net,Dr. Linda Davis,2025-05-01,22:56
Mary Dunn,lindsey78@example.com,Dr. Michael Wilson,2025-05-21,10:04
Kara Smith,gabrielwilliams@example.net,Dr. David Martinez,2025-05-24,12:25
Lori Mann,stephensontim@example.net,Dr. David Martinez,2025-05-14,04:55
Thomas Lewis,amber15@example.com,Dr. David Martinez,2025-05-08,17:30
Andrew Brown,kgarcia@example.com,Dr. David Martinez,2025-05-01,14:21
Annette Thompson,wbrown@example.org,Dr. Robert Brown,2025-05-20,01:35
Amy Salas,mnixon@example.com,Dr. Jennifer Taylor,2025-05-16,16:07
Richard Jones,emiller@example.org,Dr. Emily Johnson,2025-05-25,20:12
Jacob Jones,kevinhiggins@example.net,Dr. Robert Brown,2025-05-03,11:15
Jeffery Johnson,zburns@example.net,Dr. Jennifer Taylor,2025-05-03,10:43
Justin Williams,kennethsmith@example.com,Dr. Michael Wilson,2025-05-07,15:42
Cody Wright,hcollins@example.com,Dr. Emily Johnson,2025-05-08,17:38
Charles Lawrence,kristina81@example.org,Dr. Emily Johnson,2025-04-30,10:39
Cory Martin,nbrown@example.com,Dr. Patricia Garcia,2025-05-10,02:04
Jennifer Garcia,diamond61@example.net,Dr. David Martinez,2025-05-07,01:20
John Bishop,colin34@example.org,Dr. Jennifer Taylor,2025-05-12,23:56
Perry Rose,alexandrahill@example.org,Dr. David Martinez,2025-05-24,23:26
Roberto Evans,browncheryl@example.org,Dr. Emily Johnson,2025-04-30,13:08
Alexis Richardson,smartinez@example.org,Dr. Jennifer Taylor,2025-05-15,10:46
Elizabeth Cortez,vnewton@example.net,Dr. David Martinez,2025-05-18,03:55
Jamie Wheeler,shannonmurillo@example.org,Dr. Emily Johnson,2025-05-10,15:31
Kathryn Wright,patty83@example.net,Dr. Emily Johnson,2025-05-16,08:54
Mark Wilson,pittmanandrew@example.com,Dr. Michael Wilson,2025-05-06,19:30
Michael Mathews,scottgalloway@example.com,Dr. Michael Wilson,2025-05-06,01:42
Benjamin Meadows,aclay@example.net,Dr. Michael Wilson,2025-05-05,13:01
Heidi Ayala,joseph25@example.com,Dr. Linda Davis,2025-04-28,00:08
Ashley Roberts,wolfekimberly@example.org,Dr. Patricia Garcia,2025-05-25,16:38
Hannah Richards,gonzalezjames@example.org,Dr. Robert Brown,2025-05-01,22:08
Ashley Fisher,lburns@example.org,Dr. Robert Brown,2025-05-24,20:26
Jodi Sexton,monicajohnson@example.com,Dr. David Martinez,2025-05-11,18:27
William Johnson,imiller@example.net,Dr. Emily Johnson,2025-05-11,07:46
Robert Drake,erikamahoney@example.com,Dr. David Martinez,2025-04-29,21:58
Arthur Cooper,brandi25@example.com,Dr. Emily Johnson,2025-05-27,21:31
Lori Henry,coltonlivingston@example.com,Dr. Linda Davis,2025-05-12,17:42
Bradley Willis,erinhill@example.com,Dr. Michael Wilson,2025-04-28,00:16
Hunter Adkins,gabrielmartinez@example.net,Dr. Michael Wilson,2025-05-03,11:38
Michael Merritt,alanmoody@example.net,Dr. John Smith,2025-05-14,13:51
Kevin Schmitt,emma57@example.net,Dr. Robert Brown,2025-05-17,19:31
Mary Burnett,darylbuck@example.net,Dr. Michael Wilson,2025-05-23,11:53
Brandon Sims,nicole32@example.org,Dr. John Smith,2025-05-23,19:09
Joshua Roberson DDS,johnsontaylor@example.org,Dr. Robert Brown,2025-05-24,13:25
Daniel Turner,austinbray@example.org,Dr. Michael Wilson,2025-05-09,15:24
Evan Washington,timothyestrada@example.org,Dr. David Martinez,2025-05-25,18:24
Patricia Weiss,vramsey@example.net,Dr. John Smith,2025-05-21,04:39
Jeffrey Berg,pbaker@example.com,Dr. Robert Brown,2025-05-04,13:30
Kara Peck,castrogary@example.org,Dr. John Smith,2025-05-11,15:48
Cheryl Smith,wpierce@example.org,Dr. Emily Johnson,2025-05-25,12:19
Paul Anderson,ramirezpeter@example.org,Dr. Robert Brown,2025-05-07,04:27
Riley Daniel,blakelewis@example.com,Dr. Robert Brown,2025-05-23,08:29
Denise Pearson,christopherlopez@example.org,Dr. Emily Johnson,2025-04-29,23:42
Antonio Barrett,browntracy@example.org,Dr. Emily Johnson,2025-05-03,20:59
Gerald Robinson,tammyklein@example.net,Dr. Jennifer Taylor,2025-05-18,11:37
Sharon Smith,fmartinez@example.org,Dr. Emily Johnson,2025-05-02,05:03
George Benjamin,yudonald@example.org,Dr. David Martinez,2025-05-14,16:58
Sandra Rodriguez,kcastro@example.org,Dr. Linda Davis,2025-05-23,14:43
John Gonzales,lward@example.net,Dr. Emily Johnson,2025-04-29,22:21
Erika Jackson,garrettbrittany@example.net,Dr. Emily Johnson,2025-05-13,06:21
Mark Johnson,morgandavid@example.com,Dr. Jennifer Taylor,2025-05-05,07:05
James Gardner II,carlosmyers@example.com,Dr. Jennifer Taylor,2025-04-30,09:02
Andrea Bryan,jonesgregory@example.net,Dr. Linda Davis,2025-05-12,00:03
Sheri Glover,catherinesantos@example.net,Dr. David Martinez,2025-05-02,16:49
Jared Cain,brittanydavidson@example.net,Dr. Robert Brown,2025-05-11,09:33
Alexis Wiggins,ischwartz@example.com,Dr. John Smith,2025-04-28,18:12
Sheila Sampson,aaron68@example.com,Dr. Jennifer Taylor,2025-05-18,00:28
Jon Beltran,sarah30@example.com,Dr. Michael Wilson,2025-05-13,00:08
Jaime Bishop,cartermicheal@example.com,Dr. Patricia Garcia,2025-05-05,09:54
Robert Garcia,jstone@example.org,Dr. Robert Brown,2025-05-02,08:52
Whitney Rojas,laurajohnson@example.org,Dr. David Martinez,2025-05-15,19:55
Haley Hunt,weissstacey@example.net,Dr. Patricia Garcia,2025-05-01,12:39
Megan Cameron,katherine91@example.net,Dr. David Martinez,2025-05-05,03:17
Jason Montes,xthomas@example.net,Dr. Emily Johnson,2025-05-25,03:31
Melissa Vaughn,eric37@example.net,Dr. Linda Davis,2025-05-18,21:29
Ashley Hernandez,sanchezdarlene@example.com,Dr. David Martinez,2025-05-19,03:43
Diana Davis,christinehunter@example.org,Dr. Michael Wilson,2025-05-07,17:39
Alexa Obrien,kyle36@example.com,Dr. Michael Wilson,2025-05-22,17:50
Ricardo Lee,ernest87@example.net,Dr. Robert Brown,2025-05-17,12:21
Christian Vega DDS,rayjared@example.com,Dr. Jennifer Taylor,2025-05-14,05:34
Emily Harris,jennifer48@example.org,Dr. John Smith,2025-05-16,00:00
Joshua Noble,jamesjones@example.net,Dr. Patricia Garcia,2025-05-12,12:21
Lori Stephens,ronaldramirez@example.org,Dr. Linda Davis,2025-05-01,23:44
Troy Green,wrusso@example.net,Dr. Patricia Garcia,2025-04-28,00:16
Zoe Rodriguez,reedraymond@example.org,Dr. Patricia Garcia,2025-05-10,10:19
Daniel Murray,deborahcampbell@example.com,Dr. Robert Brown,2025-05-06,07:35
Cindy Gray,christinecoleman@example.net,Dr. Emily Johnson,2025-05-04,21:45
Sharon Soto,robert98@example.net,Dr. Michael Wilson,2025-05-20,13:05
Noah Mahoney,oconnoralexis@example.org,Dr. David Martinez,2025-05-03,09:30
Kimberly Cox,connor13@example.com,Dr. Patricia Garcia,2025-05-01,10:38
Makayla Wheeler,laura02@example.com,Dr. Robert Brown,2025-05-07,21:31
Alexa Hayden,walterbarnes@example.net,Dr. Linda Davis,2025-05-11,05:20
Michael Harris,tweaver@example.net,Dr. Michael Wilson,2025-05-24,04:41
Ashley Gibbs,ashelton@example.com,Dr. Emily Johnson,2025-05-07,15:59
Manuel Harper,kristen95@example.net,Dr. Robert Brown,2025-05-02,06:43
Jessica Bridges,jessica44@example.net,Dr. Linda Davis,2025-04-28,04:59
Bruce Bryan,shirleymonroe@example.org,Dr. David Martinez,2025-05-23,16:08
Aaron Smith,ihayes@example.org,Dr. Jennifer Taylor,2025-05-08,02:49
Chelsea Evans,parkermichael@example.com,Dr. Linda Davis,2025-05-06,22:11
Joshua Frazier,alex93@example.net,Dr. David Martinez,2025-05-26,04:46
Mallory Miller MD,woodardcatherine@example.net,Dr. David Martinez,2025-05-17,21:29
Justin Henderson,ehenderson@example.org,Dr. John Smith,2025-05-09,08:19
Theresa Park,yewing@example.org,Dr. Robert Brown,2025-05-04,19:15
Kayla Wolfe,ipena@example.net,Dr. Linda Davis,2025-04-30,15:13
Madeline Ellis,briggschristy@example.org,Dr. Robert Brown,2025-05-06,19:25
Amanda Cooley,zjacobs@example.org,Dr. John Smith,2025-05-21,18:34
Connie Mcdonald,todd20@example.net,Dr. Robert Brown,2025-05-09,21:00
Miss Marissa Hood,matthew00@example.com,Dr. Michael Wilson,2025-05-07,18:11
Steve Ferguson,hansonlaura@example.net,Dr. Emily Johnson,2025-05-03,02:32
Christian Campos,brenda46@example.com,Dr. Jennifer Taylor,2025-05-18,01:40
Janet Davis,claire39@example.com,Dr. Michael Wilson,2025-05-03,04:18
Joel Peterson,william64@example.org,Dr. John Smith,2025-05-06,08:43
Cathy Bonilla,derrick94@example.com,Dr. Linda Davis,2025-04-29,08:01
Sara Fuller,msnyder@example.net,Dr. Emily Johnson,2025-05-04,05:38
Michelle Collier,thomas31@example.net,Dr. Emily Johnson,2025-05-12,01:03
Jason Parsons,donna93@example.org,Dr. Robert Brown,2025-05-05,11:05
Holly Harrison,william80@example.org,Dr. Patricia Garcia,2025-05-19,14:05
Todd Serrano,samanthacarlson@example.net,Dr. Michael Wilson,2025-05-04,08:44
Timothy Gutierrez,reginabrown@example.org,Dr. Michael Wilson,2025-05-13,10:42
Susan Sandoval,marcushays@example.org,Dr. Robert Brown,2025-04-30,08:47
Brenda Foster,jimmy48@example.org,Dr. David Martinez,2025-05-22,17:20
James Guerrero,krystal35@example.com,Dr. Michael Wilson,2025-05-21,10:27
Patricia Frank,jjones@example.net,Dr. John Smith,2025-05-17,05:25
Amy Ware,brandonwade@example.org,Dr. Linda Davis,2025-04-28,21:27
Robert Hess,crobinson@example.com,Dr. Emily Johnson,2025-05-04,08:46
Richard Waters,heatherhopkins@example.org,Dr. Emily Johnson,2025-05-26,09:11
Eric Rasmussen,schmidtrichard@example.com,Dr. Patricia Garcia,2025-04-30,15:44
Daniel Williams,rmartin@example.com,Dr. David Martinez,2025-05-02,03:59
Sara Tran,nathan85@example.org,Dr. Linda Davis,2025-05-07,12:54
Lori Smith,joshua73@example.net,Dr. Michael Wilson,2025-05-18,18:27
Karen Miranda,williamrobbins@example.org,Dr. Michael Wilson,2025-05-07,06:11
Michael Smith,jennifer94@example.com,Dr. John Smith,2025-04-30,02:01
Nathaniel Cameron,michelle17@example.org,Dr. David Martinez,2025-05-06,08:46
Cody Allen,gallegospatrick@example.net,Dr. John Smith,2025-05-06,23:10
Melissa Miller,jaclynschneider@example.org,Dr. Patricia Garcia,2025-05-12,13:00
Nicholas Gallagher,pottsangela@example.net,Dr. Jennifer Taylor,2025-05-22,20:37
Luis Wilson,rjordan@example.net,Dr. John Smith,2025-05-27,08:53
Shawn Lane,daniel39@example.com,Dr. Emily Johnson,2025-05-15,10:45
Nathan Wilson,egonzalez@example.org,Dr. Michael Wilson,2025-04-28,14:41
Dawn Oliver,mitchellallison@example.net,Dr. Robert Brown,2025-04-28,11:33
Mary Schultz,espinozakelly@example.net,Dr. Michael Wilson,2025-05-22,21:49
Eric Gonzalez,troymartinez@example.com,Dr. John Smith,2025-05-01,18:32
Charlene Alvarez,leejustin@example.org,Dr. John Smith,2025-05-12,10:22
Amber Thompson,gabrielrusso@example.net,Dr. Jennifer Taylor,2025-05-23,16:01
John Ward,ryanschultz@example.net,Dr. Emily Johnson,2025-05-26,01:00
Michael Solomon,llopez@example.com,Dr. Emily Johnson,2025-05-26,06:47
Steven Schultz,mwilliams@example.net,Dr. Emily Johnson,2025-04-28,09:52
Joseph Bird,lfry@example.net,Dr. Patricia Garcia,2025-05-08,04:59
Kayla Logan,gdawson@example.org,Dr. Emily Johnson,2025-05-20,06:20
Joy Cox,kellymichael@example.net,Dr. Michael Wilson,2025-05-26,04:04
Sara Carter,oalexander@example.org,Dr. John Smith,2025-05-19,07:39
Gary Hudson,mark61@example.org,Dr. Emily Johnson,2025-05-14,13:58
Jose Spencer,mfields@example.com,Dr. Robert Brown,2025-05-27,17:44
Tammy Archer,epeterson@example.org,Dr. Michael Wilson,2025-05-11,22:07
Ann Summers,sjones@example.com,Dr. John Smith,2025-05-03,10:33
Denise Douglas,dianesmith@example.net,Dr. Patricia Garcia,2025-05-17,17:47
Tara Bentley,butlercarla@example.net,Dr. Patricia Garcia,2025-05-22,10:05
Joseph Ryan,kiaraellison@example.com,Dr. Jennifer Taylor,2025-05-20,18:41
Kaitlin Norton,tina06@example.net,Dr. Michael Wilson,2025-05-26,22:31
Eddie Mckinney,smithrachel@example.net,Dr. Michael Wilson,2025-05-07,23:24
Donald Mason,wheelervalerie@example.com,Dr. Linda Davis,2025-05-09,03:33
Jennifer Hill,elizabethnelson@example.org,Dr. John Smith,2025-04-28,20:44
Emily Wilson,cisnerosjoshua@example.org,Dr. Jennifer Taylor,2025-05-05,10:02
Devin Andrews,nicole32@example.net,Dr. Emily Johnson,2025-04-30,10:55
Manuel Wilson,ericsanders@example.net,Dr. David Martinez,2025-05-20,21:42
Ricky Rocha,johnsonwilliam@example.com,Dr. Michael Wilson,2025-05-24,12:32
Anthony Jones,austin02@example.com,Dr. David Martinez,2025-05-05,12:46
Jennifer Gonzalez,qhunt@example.org,Dr. Patricia Garcia,2025-05-01,08:44
Andrew Miles,beltrantaylor@example.org,Dr. Jennifer Taylor,2025-05-02,12:57
Debra Lynch,becky25@example.org,Dr. David Martinez,2025-05-21,13:33
Andrew Lane,ananixon@example.com,Dr. David Martinez,2025-05-22,20:27
Michele Johnson,medinazachary@example.org,Dr. Michael Wilson,2025-05-23,01:21
Christopher Martin,richardgross@example.org,Dr. Michael Wilson,2025-05-25,03:54
Andrew Hudson,fitzgeraldcody@example.org,Dr. Michael Wilson,2025-05-15,20:33
Amanda Humphrey,elijah60@example.com,Dr. Patricia Garcia,2025-05-24,20:29
Haley George,alyssa53@example.com,Dr. Michael Wilson,2025-04-30,06:42
Amber Boyd,martincortez@example.com,Dr. Jennifer Taylor,2025-05-19,19:00
Jasmine Jordan DDS,bradleysmith@example.com,Dr. David Martinez,2025-05-19,10:14
Patricia Johnson,dana47@example.net,Dr. Michael Wilson,2025-05-02,22:13
Hunter Peterson,nlewis@example.net,Dr. Emily Johnson,2025-05-16,16:13
Patricia Ferguson,fthomas@example.net,Dr. John Smith,2025-05-27,23:09
John Frank MD,williamsjames@example.com,Dr. Michael Wilson,2025-05-16,04:52
Laura Miller,james35@example.org,Dr. Robert Brown,2025-05-04,14:37
William Washington,kathrynbeltran@example.net,Dr. Michael Wilson,2025-05-27,14:35
Alice Hodge,samueldavis@example.org,Dr. Robert Brown,2025-05-26,18:47
Thomas Wilson,nealbriana@example.com,Dr. John Smith,2025-05-11,21:06
Steven Oconnor,ronald29@example.com,Dr. David Martinez,2025-04-30,21:41
Kathleen Watts,timothy85@example.com,Dr. John Smith,2025-05-07,04:40
Philip Scott,wilkinsonamy@example.net,Dr. David Martinez,2025-05-19,11:51
Lori Schneider,lbrandt@example.net,Dr. Michael Wilson,2025-05-11,19:56
Randy Wyatt,hernandezamanda@example.org,Dr. Jennifer Taylor,2025-05-14,06:06
Kirsten Crosby,fmyers@example.net,Dr. Emily Johnson,2025-05-08,03:45
Kristin Padilla,nathanmoore@example.org,Dr. Michael Wilson,2025-05-20,21:04
Richard Nichols,webbluke@example.org,Dr. John Smith,2025-04-29,18:36
Elizabeth Smith MD,ccruz@example.net,Dr. David Martinez,2025-05-05,00:07
Jeff Gonzales,williamwest@example.org,Dr. Emily Johnson,2025-04-30,00:03
Joe Glover,wilsonsusan@example.net,Dr. Linda Davis,2025-05-21,05:23
Danielle Jackson,smithyolanda@example.net,Dr. Emily Johnson,2025-05-14,09:52
Christopher Freeman,gbecker@example.net,Dr. Jennifer Taylor,2025-05-19,16:49
Michael Cunningham,stonejennifer@example.net,Dr. Jennifer Taylor,2025-05-24,16:11
Kylie Baker,steven04@example.org,Dr. Michael Wilson,2025-05-06,12:01
Paige Ali,dunnashley@example.net,Dr. Patricia Garcia,2025-05-02,15:10
Lindsey Nicholson,hmalone@example.net,Dr. Michael Wilson,2025-05-21,01:49
Regina Solis,amber80@example.net,Dr. Michael Wilson,2025-05-20,01:02
Brianna Strong,richardallen@example.org,Dr. Patricia Garcia,2025-05-15,18:29
Tiffany Padilla,whitneywilliams@example.org,Dr. Linda Davis,2025-05-02,09:12
Jennifer Wilson,dortega@example.net,Dr. Patricia Garcia,2025-05-19,12:18
Chelsea Miller,rwebb@example.net,Dr. Linda Davis,2025-05-21,17:10
Jodi Haas,justin50@example.net,Dr. Linda Davis,2025-05-25,06:43
John Conrad,pachecojacob@example.net,Dr. Patricia Garcia,2025-05-22,20:56
Cristina Bruce,tracyzavala@example.net,Dr. Emily Johnson,2025-05-06,06:53
Wayne Cruz,meganrobinson@example.net,Dr. Jennifer Taylor,2025-05-21,03:16
Tracy Wood,travisjones@example.net,Dr. Emily Johnson,2025-05-05,04:17
Thomas Patterson,danielwilliams@example.net,Dr. Emily Johnson,2025-05-19,19:18
Emily Walker,cuevasjonathan@example.org,Dr. John Smith,2025-05-23,04:31
Stephanie Long,crogers@example.net,Dr. Patricia Garcia,2025-05-03,05:05
Christopher Mccall,dale36@example.net,Dr. Robert Brown,2025-05-19,10:15
Deborah Robertson,nperry@example.com,Dr. Emily Johnson,2025-05-15,14:15
Kelly Davis,carol79@example.org,Dr. David Martinez,2025-05-20,04:34
Michael Washington,sergiopacheco@example.com,Dr. Linda Davis,2025-04-29,01:10
Mrs. Julie Hernandez PhD,sgill@example.com,Dr. Robert Brown,2025-05-23,08:16
Sharon Valencia,tmurray@example.net,Dr. Emily Johnson,2025-05-04,09:58
Carolyn Gibbs,valerie27@example.org,Dr. David Martinez,2025-05-19,03:09
Andrea Owens,ann15@example.org,Dr. David Martinez,2025-05-08,03:53
Amber Benson,susan79@example.net,Dr. Jennifer Taylor,2025-04-28,01:58
Sharon King,penadouglas@example.com,Dr. John Smith,2025-05-25,07:33
Kathy Callahan,aaronhumphrey@example.com,Dr. Michael Wilson,2025-05-27,02:58
Timothy Stone,mercedes68@example.com,Dr. Robert Brown,2025-05-16,15:51
Renee Rivera,thomas75@example.net,Dr. Michael Wilson,2025-05-07,17:48
Tracy Miller,kclark@example.com,Dr. Patricia Garcia,2025-04-30,13:24
Donna Diaz,smithelizabeth@example.com,Dr. Patricia Garcia,2025-05-09,12:21
Brandy Parks,laura39@example.net,Dr. Emily Johnson,2025-05-23,03:46
Eric Roberts,goldennicholas@example.com,Dr. John Smith,2025-05-17,23:28
Kim Kramer,xnelson@example.net,Dr. John Smith,2025-05-27,17:00
Katie Reynolds,karenjohnson@example.com,Dr. Michael Wilson,2025-05-05,23:25
Phyllis Johnson,danny72@example.com,Dr. Jennifer Taylor,2025-05-20,06:37
Alexis Anderson,pagecarol@example.net,Dr. Jennifer Taylor,2025-05-10,12:02
Jeffrey Li,tylerbeasley@example.com,Dr. Linda Davis,2025-05-15,14:28
Dominique Ashley,meyerlarry@example.net,Dr. Emily Johnson,2025-05-18,14:26
Chelsea Strong,sean46@example.org,Dr. Emily Johnson,2025-05-13,15:01
Jeffery Chambers,dcook@example.com,Dr. John Smith,2025-05-11,23:00
Richard Warren,kelly27@example.org,Dr. Michael Wilson,2025-04-29,21:13
Mr. Jeff Brown,jessicaparsons@example.net,Dr. John Smith,2025-05-16,05:38
Christopher Acevedo,daniel74@example.net,Dr. Linda Davis,2025-05-04,11:30
Mr. Roy Rivera MD,drodriguez@example.net,Dr. Patricia Garcia,2025-05-17,06:14
Melissa Padilla,carolyn51@example.net,Dr. John Smith,2025-05-18,04:32
Tammy Banks,spencerdevon@example.net,Dr. John Smith,2025-05-06,10:03
Alexandria Martinez,obrienbryan@example.org,Dr. Emily Johnson,2025-05-13,05:22
Robert Hernandez,richardsdorothy@example.net,Dr. Robert Brown,2025-05-19,18:15
Martin Mitchell,dwest@example.net,Dr. Michael Wilson,2025-05-25,01:44
Kyle Hawkins,johnsonfrank@example.net,Dr. Robert Brown,2025-05-02,06:12
John Phillips,dannysutton@example.org,Dr. Emily Johnson,2025-05-01,18:37
Chad Barry,dalton92@example.org,Dr. Jennifer Taylor,2025-05-08,10:06
Lisa Smith,ywalsh@example.com,Dr. David Martinez,2025-05-07,17:58
Daniel Schmidt,christophersalazar@example.org,Dr. Linda Davis,2025-05-07,15:02
Cindy Harrington,phylliswashington@example.net,Dr. David Martinez,2025-05-11,20:51
Mr. Bryan Hoffman,pittmanrandall@example.com,Dr. John Smith,2025-04-29,16:50
Joseph Norton,richardsonleslie@example.net,Dr. Linda Davis,2025-05-22,23:02
John Wallace,meyerstimothy@example.com,Dr. Robert Brown,2025-05-12,19:59
Edward Martin,christopher39@example.net,Dr. Patricia Garcia,2025-05-18,22:02
Rachel Gonzalez,alejandro65@example.org,Dr. Robert Brown,2025-05-15,00:24
Kathy Estrada,lsheppard@example.net,Dr. Jennifer Taylor,2025-05-27,09:04
Justin Gonzalez,martinezamanda@example.com,Dr. John Smith,2025-05-25,23:22
Angel Blevins,jackie71@example.org,Dr. Emily Johnson,2025-04-29,00:24
William Martinez,millertrevor@example.org,Dr. Patricia Garcia,2025-05-22,04:40
Marissa Beck,uarias@example.com,Dr. Linda Davis,2025-05-20,04:28
Joseph Turner,smithcarla@example.org,Dr. Patricia Garcia,2025-05-05,13:36
Emily Hanna,zhunt@example.net,Dr. Linda Davis,2025-05-22,22:28
April Hampton,sarmstrong@example.org,Dr. Michael Wilson,2025-04-29,23:14
Jennifer Vaughn,rivasmary@example.org,Dr. Linda Davis,2025-04-30,01:52
Leonard Conway,joseph39@example.net,Dr. David Martinez,2025-05-10,04:29
Benjamin Juarez,jimmyperez@example.org,Dr. Patricia Garcia,2025-05-10,20:49
Devin Cox,ufowler@example.net,Dr. Linda Davis,2025-05-24,02:37
Dana Rodriguez,tyler46@example.net,Dr. John Smith,2025-05-25,03:34
Kevin Lewis,cooperchristine@example.org,Dr. John Smith,2025-05-23,17:37
April Mcgrath,timothytaylor@example.net,Dr. Linda Davis,2025-05-10,22:42
Debra Galvan,manuel63@example.org,Dr. Robert Brown,2025-05-15,11:05
Kenneth Matthews,rebecca34@example.com,Dr. Robert Brown,2025-04-29,08:10
Hayden Monroe,jeffrey26@example.org,Dr. Patricia Garcia,2025-05-13,08:56
Christopher Estes,solson@example.net,Dr. Robert Brown,2025-05-17,17:07
Shari Reed DVM,williamsjoseph@example.com,Dr. Linda Davis,2025-05-22,05:18
Cody Simmons,jeffreyparker@example.org,Dr. John Smith,2025-05-13,06:11
Amanda Johns,jose46@example.org,Dr. Linda Davis,2025-05-13,01:03
Mark Ryan,josephwest@example.org,Dr. John Smith,2025-05-01,21:29
David Hawkins,briannacook@example.org,Dr. David Martinez,2025-05-06,00:07
Shirley Brown,qmorgan@example.org,Dr. Robert Brown,2025-05-05,08:32
Katie Benson,cristina33@example.com,Dr. Robert Brown,2025-05-01,20:35
Carlos Barnes,lreed@example.org,Dr. Robert Brown,2025-05-15,22:51
Brady Ortiz,barry05@example.com,Dr. Linda Davis,2025-05-19,00:42
Raymond Bradford,cooperkeith@example.net,Dr. David Martinez,2025-05-14,15:34
Cynthia Smith,amandalewis@example.org,Dr. Emily Johnson,2025-04-28,10:38
Kelsey Cline,lanemackenzie@example.net,Dr. David Martinez,2025-05-10,13:14
Mr. Jacob Williamson,margaretfoster@example.net,Dr. Emily Johnson,2025-05-17,18:54
Miranda Mitchell,sheryl25@example.org,Dr. Robert Brown,2025-05-20,17:31
Joshua Clark,fswanson@example.org,Dr. Emily Johnson,2025-04-29,23:46
George Anderson,stephensjulie@example.com,Dr. Michael Wilson,2025-05-13,11:23
Crystal Hobbs,richard70@example.net,Dr. Michael Wilson,2025-05-01,16:28
Ralph Cook,ffranklin@example.com,Dr. Emily Johnson,2025-05-04,10:39
Kevin Clark,carterbridget@example.com,Dr. Michael Wilson,2025-05-04,22:26
Sara Anderson,ronald58@example.net,Dr. David Martinez,2025-05-25,23:40
Tammy Bass,brandyramirez@example.net,Dr. Patricia Garcia,2025-05-02,01:30
Dustin Brown,gregorykeith@example.org,Dr. Patricia Garcia,2025-05-15,03:36
Dr. Matthew Oconnell,tdavis@example.com,Dr. David Martinez,2025-05-02,09:22
Amy Martinez,sandra95@example.org,Dr. Emily Johnson,2025-05-09,19:32
Pam Carr,diazalyssa@example.org,Dr. Michael Wilson,2025-05-23,02:33
Matthew Goodwin,candicecampos@example.com,Dr. Patricia Garcia,2025-05-01,10:02
Mark Jennings,warrenpaul@example.com,Dr. David Martinez,2025-05-24,09:11
Richard Lutz,albertgray@example.net,Dr. Linda Davis,2025-05-05,11:11
William Johnson,ronald66@example.com,Dr. Emily Johnson,2025-05-18,16:24
Michael Holloway,vjenkins@example.org,Dr. Linda Davis,2025-05-01,09:08
Christopher Neal,christophermahoney@example.com,Dr. John Smith,2025-05-26,21:53
Anna Jackson,angela50@example.com,Dr. John Smith,2025-05-18,14:08
Olivia Smith,patricia53@example.org,Dr. Jennifer Taylor,2025-04-29,15:56
Henry Ramsey,jamesanthony@example.com,Dr. Jennifer Taylor,2025-05-08,20:43
Melissa Williams,tylergriffin@example.org,Dr. David Martinez,2025-05-18,02:24
Jordan Norton,grantmatthew@example.org,Dr. Emily Johnson,2025-05-10,00:37
Rodney Garcia,barbara39@example.com,Dr. Patricia Garcia,2025-05-05,15:41
Rickey Mathis,geraldashley@example.com,Dr. David Martinez,2025-04-29,14:09
Jamie Higgins,jessica46@example.org,Dr. John Smith,2025-05-19,11:32
Cassandra Davis,tracy47@example.org,Dr. Emily Johnson,2025-05-24,01:53
Monica Morales,david11@example.org,Dr. Michael Wilson,2025-05-10,12:18
William Herman,obriengary@example.com,Dr. Jennifer Taylor,2025-05-24,18:18
Sandra Schwartz,george52@example.com,Dr. Emily Johnson,2025-05-23,17:41
Ryan Robles,karen04@example.org,Dr. Emily Johnson,2025-05-05,11:14
Charles Diaz,todddavid@example.org,Dr. Michael Wilson,2025-05-22,11:37
Cassandra Long,harrelltimothy@example.net,Dr. Linda Davis,2025-05-25,12:05
Alicia Flores,qreed@example.org,Dr. John Smith,2025-05-09,09:36
Melissa Keith,michaelmontes@example.com,Dr. David Martinez,2025-05-04,10:17
Shannon Harris,jamesbarnett@example.org,Dr. Emily Johnson,2025-05-23,09:30
Miguel Williams,victoriapotter@example.com,Dr. Emily Johnson,2025-05-18,21:25
Sara Moreno,james11@example.com,Dr. Michael Wilson,2025-05-27,07:30
Daniel Jones,ecohen@example.org,Dr. David Martinez,2025-05-13,20:18
David Douglas,eholder@example.com,Dr. John Smith,2025-05-25,06:57
Lori Richardson,dwarner@example.com,Dr. Linda Davis,2025-05-23,05:45
Melissa Barnett,adamrhodes@example.com,Dr. Robert Brown,2025-05-19,19:25
Dennis Rivera DDS,natashafarrell@example.org,Dr. Patricia Garcia,2025-05-15,15:40
Andrew Jackson,xlester@example.com,Dr. Michael Wilson,2025-05-10,02:47
Crystal Reed,elogan@example.com,Dr. Linda Davis,2025-05-22,02:58
Amber Pittman,gscott@example.net,Dr. Jennifer Taylor,2025-05-15,05:21
Robert Holmes,alicia65@example.org,Dr. Jennifer Taylor,2025-04-29,01:48
Brett Miller,frank87@example.org,Dr. Linda Davis,2025-05-04,15:20
Scott Brooks,dgarcia@example.com,Dr. Jennifer Taylor,2025-04-30,04:23
Debra Smith,jonessusan@example.net,Dr. Patricia Garcia,2025-05-10,04:29
Peggy Rice,troylopez@example.com,Dr. Patricia Garcia,2025-05-10,02:48
Krystal Page,roberthurley@example.net,Dr. Patricia Garcia,2025-05-05,18:05
Carol Hodges,kingkellie@example.com,Dr. Michael Wilson,2025-05-09,12:34
Kimberly Berry,kylemorales@example.com,Dr. John Smith,2025-04-29,19:19
Marcus Johnson,amber04@example.net,Dr. David Martinez,2025-05-10,06:59
Christopher Ayala,cherylsmith@example.net,Dr. Jennifer Taylor,2025-05-07,01:38
Scott Wright,phillipbrown@example.net,Dr. Linda Davis,2025-05-03,19:48
Jeremy Henderson,jennypotts@example.org,Dr. Jennifer Taylor,2025-05-02,00:51
Marilyn Delgado,benjaminboyle@example.net,Dr. Patricia Garcia,2025-05-21,02:09
Katie Richard,millerandrea@example.org,Dr. Patricia Garcia,2025-05-06,11:59
Lance Thornton,andrewlong@example.net,Dr. Robert Brown,2025-05-17,10:00
Jorge Kirby,michelle79@example.com,Dr. Linda Davis,2025-04-30,00:31
Raymond Wong,sabrinaosborn@example.com,Dr. John Smith,2025-05-01,07:39
Kenneth Gould,richard99@example.org,Dr. Linda Davis,2025-05-09,21:30
Laura Higgins,parkcindy@example.com,Dr. John Smith,2025-05-27,09:16
Mary Shaffer,debracollins@example.net,Dr. John Smith,2025-05-06,05:23
Kelli Richardson,rosskatrina@example.net,Dr. Patricia Garcia,2025-05-03,16:49
Katherine Smith,garymcbride@example.net,Dr. David Martinez,2025-05-09,22:10
Daniel Sullivan,scottjohns@example.com,Dr. Michael Wilson,2025-04-28,09:38
Candace Livingston,mary13@example.net,Dr. Linda Davis,2025-05-26,03:44
David Patterson,hcrane@example.com,Dr. David Martinez,2025-05-13,10:48
Shirley Jackson,joseph30@example.com,Dr. Michael Wilson,2025-05-19,15:15
Teresa Cooper,thompsonsheila@example.org,Dr. Michael Wilson,2025-05-16,03:52
Ronald Stout,erin79@example.org,Dr. Robert Brown,2025-05-19,20:17
Michael Barrett,kathryncook@example.org,Dr. Emily Johnson,2025-05-01,03:14
Kathleen Harris,shannon64@example.com,Dr. Patricia Garcia,2025-05-10,02:11
Michelle Ali,johnsonmonica@example.net,Dr. Michael Wilson,2025-05-26,10:53
Fernando Lynch,kwest@example.org,Dr. Patricia Garcia,2025-05-25,01:34
Whitney Richmond,franciscomartin@example.org,Dr. John Smith,2025-05-24,05:17
Steven Haynes,nwagner@example.net,Dr. Linda Davis,2025-05-20,04:52
Michael Perez,cedwards@example.net,Dr. Emily Johnson,2025-05-10,00:37
Ashley Thompson,wflores@example.org,Dr. David Martinez,2025-05-26,21:32
Jessica Bradford,torresmario@example.org,Dr. Robert Brown,2025-05-11,22:30
Rachel Hester,rdavis@example.com,Dr. Emily Johnson,2025-05-21,10:50
Steven Baker,smitchell@example.com,Dr. Linda Davis,2025-05-24,13:28
Jeanne Perez,lewisshawn@example.org,Dr. Jennifer Taylor,2025-05-04,04:12
Sarah Wright,castrodustin@example.org,Dr. John Smith,2025-05-02,08:29
Mary Myers,wdunlap@example.net,Dr. Linda Davis,2025-05-14,11:53
Anna Davila,tammydunn@example.com,Dr. Emily Johnson,2025-04-29,00:33
Carla Tucker,stevenwolf@example.org,Dr. Linda Davis,2025-04-28,09:05
Sara Alvarado,banderson@example.com,Dr. John Smith,2025-05-18,07:50
Daniel Washington,qwallace@example.org,Dr. Jennifer Taylor,2025-04-28,04:37
John Taylor,markmcbride@example.com,Dr. David Martinez,2025-05-26,16:08
Kimberly Alexander,taylorgloria@example.com,Dr. Jennifer Taylor,2025-05-05,03:55
Casey Williams,cnunez@example.com,Dr. John Smith,2025-05-24,07:05
Lisa Lambert,donald78@example.org,Dr. John Smith,2025-05-15,14:23
Ana Walker,shermancarrie@example.net,Dr. John Smith,2025-05-13,22:11
Amber Morgan,xlopez@example.com,Dr. Emily Johnson,2025-05-20,06:37
David Conrad,thernandez@example.org,Dr. David Martinez,2025-05-21,09:27
Brian Ware,kevintaylor@example.org,Dr. Robert Brown,2025-04-29,08:44
Rhonda Peterson,caitlin22@example.org,Dr. Jennifer Taylor,2025-05-26,05:17
Zachary Rodriguez,whitesarah@example.net,Dr. Michael Wilson,2025-05-02,17:21
Karen Bennett,osharp@example.org,Dr. Robert Brown,2025-04-28,08:30
Bethany Martinez,gracejones@example.com,Dr. Robert Brown,2025-05-16,23:55
Chad King,joshua94@example.com,Dr. Michael Wilson,2025-05-22,04:49
Paige Meyer,zlarson@example.org,Dr. Patricia Garcia,2025-05-23,10:50
Nicholas Franklin,mcdonaldtammy@example.com,Dr. Patricia Garcia,2025-05-26,18:58
Karen Bond,zreynolds@example.org,Dr. Patricia Garcia,2025-05-06,14:01
Brian Martin,jimmycollier@example.net,Dr. Jennifer Taylor,2025-05-27,12:22
Steven Smith,burkepaula@example.com,Dr. Jennifer Taylor,2025-05-05,00:58
Jennifer Cordova,donna09@example.net,Dr. Michael Wilson,2025-04-30,16:18
Renee Gibson,howardbrian@example.com,Dr. Robert Brown,2025-04-28,10:55
Stephen Macias,joseph87@example.net,Dr. Linda Davis,2025-04-30,19:04
